diabetes_type,pre_meal_cgm,peak_cgm,rise_time_min,rise_rate_mg_dl_min,recovery_time_min,count,pre_meal_cgm_p_value,peak_cgm_p_value,rise_time_min_p_value,rise_rate_mg_dl_min_p_value,recovery_time_min_p_value
T1DM,145.744737,201.421314,115.910088,0.506132,55.17909,1368,5.814897899640848e-12,1.8556858193776545e-10,0.004083800632193841,0.03749062161591059,7.642160172000997e-08
T2DM,133.468994,188.859527,109.046086,0.562933,42.083153,2951,5.814897899640848e-12,1.8556858193776545e-10,0.004083800632193841,0.03749062161591059,7.642160172000997e-08
